{
  "experiment_name": "retinal_analysis",
  "parameters": {
    "threshold": 0.25,
    "image_size": [
      1280,
      960
    ]
  },
  "metrics": {
    "confidence": 0.048982419073581696,
    "vessel_density": 0.0470733642578125
  },
  "tags": [
    "production",
    "inference"
  ],
  "timestamp": "2026-01-18T22:44:42.141974"
}