{
  "experiment_name": "retinal_analysis",
  "parameters": {
    "threshold": 0.25,
    "image_size": [
      1200,
      1200
    ]
  },
  "metrics": {
    "confidence": 0.1125369668006897,
    "vessel_density": 0.114288330078125
  },
  "tags": [
    "production",
    "inference"
  ],
  "timestamp": "2026-01-18T22:45:19.871288"
}